t_s,mean,white_pct,diff,top:div.mx-auto.flex
0.0,254.4,98.8,,
0.1,254.4,98.8,0.0,
0.2,254.4,98.8,0.0,
0.3,254.4,98.8,0.0,
0.4,254.4,98.8,0.0,
0.5,254.4,98.8,0.0,
0.6,254.4,98.8,0.0,
0.7,254.4,98.8,0.0,
0.8,254.4,98.8,0.0,
0.9,254.4,98.8,0.0,
1.0,254.4,98.8,0.0,
1.1,254.4,98.8,0.0,
1.2,254.4,98.8,0.0,
1.3,254.4,98.8,0.0,
1.4,254.4,98.8,0.0,
1.5,254.4,98.8,0.0,
1.6,254.4,98.8,0.0,
1.7,254.4,98.8,0.0,
1.8,254.4,98.8,0.0,
1.9,254.4,98.8,0.0,
2.0,245.7,76.5,8.7,
2.1,245.7,76.5,0.1,
2.2,245.7,76.6,0.0,0
2.3,245.7,76.6,0.0,0
2.4,245.7,76.6,0.0,0
2.5,245.7,76.6,0.0,0
2.6,245.7,76.5,0.0,0
2.7,245.7,76.5,0.0,0
2.8,245.7,76.6,0.0,0
2.9,245.7,76.5,0.0,0
3.0,242.2,72.8,3.5,0
3.1,240.6,70.9,1.6,0
3.2,240.6,70.9,0.0,0
3.3,240.6,70.9,0.0,0
3.4,240.6,70.9,0.0,0
3.5,240.6,70.9,0.0,0
3.6,240.6,70.9,0.0,0
3.7,240.6,70.9,0.0,0
3.8,240.6,70.9,0.0,0
3.9,240.6,70.9,0.0,0
4.0,240.6,70.9,0.0,0
4.1,240.6,70.9,0.0,0
4.2,240.6,70.9,0.0,0
4.3,240.6,70.9,0.0,0
4.4,240.6,70.9,0.0,0
4.5,240.6,70.9,0.0,0
4.6,240.6,70.9,0.0,0
4.7,240.6,70.9,0.0,0
4.8,240.6,70.9,0.0,0
4.9,240.6,70.9,0.0,0
5.0,240.6,70.9,0.0,0
5.1,240.5,71.3,0.5,0
5.2,240.6,70.9,0.4,0
5.3,240.6,70.9,0.0,0
5.4,240.6,71.0,0.1,0
5.5,240.6,71.0,0.0,0
5.6,240.6,71.0,0.0,0
5.7,240.6,71.0,0.0,0
5.8,240.6,70.9,0.0,0
5.9,240.6,70.9,0.0,0
6.0,231.9,60.4,31.3,0
6.1,231.9,60.4,0.0,0
6.2,231.8,60.3,0.2,0
6.3,230.5,59.4,1.3,0
6.4,230.5,59.4,0.0,0
6.5,230.5,59.4,0.1,0
6.6,230.5,59.4,0.0,0
6.7,230.5,59.4,0.0,0
6.8,230.5,59.4,0.0,0
6.9,230.5,59.4,0.1,0
7.0,230.5,59.4,0.0,0
7.1,230.5,59.4,0.0,0
7.2,230.5,59.4,0.0,0
7.3,230.5,59.4,0.0,0
7.4,230.5,59.4,0.0,0
7.5,230.5,59.4,0.0,0
7.6,230.5,59.4,0.0,0
7.7,230.5,59.4,0.0,0
7.8,230.6,59.4,0.0,0
7.9,230.6,59.4,0.0,0
8.0,230.6,59.4,0.0,0
8.1,230.6,59.4,0.0,0
8.2,230.6,59.4,0.0,0
8.3,230.6,59.4,0.0,0
8.4,230.6,59.4,0.0,0
8.5,230.6,59.4,0.0,0
8.6,230.6,59.4,0.0,0
8.7,230.6,59.4,0.0,0
8.8,230.6,59.4,0.0,0
8.9,230.6,59.4,0.0,0
9.0,230.6,59.4,0.0,0
9.1,230.6,59.4,0.0,0
9.2,230.6,59.4,0.0,0
9.3,230.6,59.4,0.0,0
9.4,230.6,59.4,0.0,0
9.5,230.6,59.4,0.0,0
9.6,230.6,59.4,0.0,0
9.7,230.6,59.4,0.0,0
9.8,230.6,59.4,0.0,0
9.9,230.6,59.4,0.0,0
10.0,230.6,59.4,0.0,0
10.1,230.6,59.4,0.0,0
10.2,230.6,59.1,0.6,0
10.3,230.5,59.5,0.6,0
10.4,230.5,59.5,0.0,0
10.5,230.5,59.4,0.1,0
10.6,230.5,59.4,0.0,0
10.7,230.5,59.4,0.0,0
10.8,230.5,59.5,0.0,0
10.9,230.5,59.5,0.0,0
11.0,230.5,59.5,0.0,0
11.1,230.5,59.5,0.0,0
11.2,230.5,59.4,0.0,0
11.3,230.5,59.4,0.0,0
